publishedAt,actual_engagement,median_baseline,ridge_log_target
2024-10-16 15:00:16+00:00,2128519,2378219.5,3033608.9191856203
2024-10-16 18:45:00+00:00,394244,2378219.5,2838612.152846408
2024-10-16 19:30:06+00:00,654635,2378219.5,2776439.488966497
2024-10-16 20:17:55+00:00,572892,2378219.5,3147671.006911574
2024-10-16 20:52:46+00:00,365685,2378219.5,3194487.773455744
2024-10-16 22:00:15+00:00,455109,2378219.5,3388822.452044397
2024-10-16 23:00:38+00:00,259301,2378219.5,2880832.145588414
2024-10-16 23:34:52+00:00,592995,2378219.5,3218156.6357113346
2024-10-16 23:35:55+00:00,2982839,2378219.5,1962190.802366527
2024-10-17 00:24:18+00:00,697043,2378219.5,2715207.186963117
2024-10-17 00:32:54+00:00,1805303,2378219.5,2257637.767672647
2024-10-17 00:34:05+00:00,183684,2378219.5,2360246.4134623636
